<application>
  <component name="LocalDatabaseDriverManager" version="201">
    <driver id="mysql.8">
      <artifact />
      <artifact id="MySQL ConnectorJ" name="MySQL ConnectorJ" use="true" version="8.2.0" />
    </driver>
    <driver id="mysql">
      <artifact id="MySQL Connector/J" name="MySQL Connector/J" use="true" version="5.1.47" />
    </driver>
    <driver id="elasticsearch">
      <artifact id="Elasticsearch" name="Elasticsearch" use="true" version="7.10.2" />
    </driver>
    <driver id="mongo">
      <artifact id="MongoDB" name="MongoDB" channel="fixed" rolling="false" use="true" version="1.8" />
    </driver>
  </component>
</application>