<application>
  <component name="FileTypeManager" version="19">
    <extensionMap>
      <mapping pattern="日志" type="AUTO_DETECTED" />
      <removed_mapping pattern="**spring-configuration-metadata.json" approved="true" type="JSON" />
      <removed_mapping ext="apk" approved="true" type="ARCHIVE" />
      <removed_mapping ext="ddl" approved="true" type="SQL" />
      <removed_mapping ext="fnc" approved="true" type="SQL" />
      <removed_mapping ext="log" approved="true" type="PLAIN_TEXT" />
      <removed_mapping ext="pkb" approved="true" type="SQL" />
      <removed_mapping ext="pks" approved="true" type="SQL" />
      <removed_mapping ext="prc" approved="true" type="SQL" />
      <removed_mapping ext="psd" approved="true" type="Image" />
      <removed_mapping ext="sql" approved="true" type="SQL" />
      <removed_mapping ext="tpb" approved="true" type="SQL" />
      <removed_mapping ext="tps" approved="true" type="SQL" />
      <removed_mapping ext="trg" approved="true" type="SQL" />
      <removed_mapping ext="vw" approved="true" type="SQL" />
      <removed_mapping pattern="application-**.properties" approved="true" type="Properties" />
      <removed_mapping pattern="application-**.y**ml" approved="true" type="YAML" />
      <removed_mapping pattern="application.properties" approved="true" type="Properties" />
      <removed_mapping pattern="application.yaml" approved="true" type="YAML" />
      <removed_mapping pattern="application.yml" approved="true" type="YAML" />
      <removed_mapping pattern="bootstrap-**.properties" approved="true" type="Properties" />
      <removed_mapping pattern="bootstrap-**.y**ml" approved="true" type="YAML" />
      <removed_mapping pattern="bootstrap.properties" approved="true" type="Properties" />
      <removed_mapping pattern="bootstrap.yaml" approved="true" type="YAML" />
      <removed_mapping pattern="bootstrap.yml" approved="true" type="YAML" />
    </extensionMap>
  </component>
</application>