<application>
  <component name="LogHighlightingSettings">
    <highlightingPatterns>
      <LogHighlightingPattern pattern="^\s*(e(rror)?|severe)\s*$" action="HIGHLIGHT_LINE" fg="{&quot;lightRgb&quot;:-65536,&quot;darkRgb&quot;:-65536}" bold="true" uuid="de2d3bb2-78c9-4beb-835e-d483c35c07b6" />
      <LogHighlightingPattern pattern="^\s*w(arn(ing)?)?\s*$" action="HIGHLIGHT_LINE" fg="{&quot;lightRgb&quot;:-22016,&quot;darkRgb&quot;:-22016}" bold="true" uuid="11ff1574-2118-4722-905a-61bec89b079e" />
      <LogHighlightingPattern pattern="^\s*i(nfo)?\s*$" action="HIGHLIGHT_LINE" fg="{&quot;lightRgb&quot;:-12599489,&quot;darkRgb&quot;:-12599489}" uuid="5e882ebc-2179-488b-8e1a-2fe488636f36" />
    </highlightingPatterns>
    <parsingPatterns>
      <LogParsingPattern name="Pipe-separated" pattern="^(?s)([^|]*)\|([^|]*)\|([^|]*)\|(.*)$" timePattern="HH:mm:ss.SSS" linePattern="^\d" timeId="0" severityId="1" categoryId="2" uuid="b5772998-bf1e-4d9d-ab41-da0b86451163" />
      <LogParsingPattern name="IntelliJ IDEA" pattern="^([^\[]+)(\[[\s\d]+])\s*(\w*)\s*-\s*(\S*)\s*-(.+)$" timePattern="yyyy-MM-dd HH:mm:ss,SSS" linePattern="^\d" timeId="0" severityId="2" categoryId="3" uuid="8a0e8992-94cb-4f4c-8be2-42b03609626b" />
      <LogParsingPattern name="TeamCity build log" pattern="^\[([^]]+)](.):\s*(\[[^]]+])?(.*)$" timePattern="HH:mm:ss" linePattern="^\[" timeId="0" severityId="1" categoryId="2" uuid="e9fa2755-8390-42f5-a41e-a909c58c8cf9" />
    </parsingPatterns>
    <settingsVersion>13</settingsVersion>
    <readonlySizeThreshold>20971520</readonlySizeThreshold>
  </component>
</application>