<application>
  <component name="ProjectManager">
    <defaultProject>
      <component name="CompilerConfiguration">
        <bytecodeTargetLevel target="1.8" />
      </component>
      <component name="Encoding" native2AsciiForPropertiesFiles="true" defaultCharsetForPropertiesFiles="UTF-8">
        <file url="PROJECT" charset="UTF-8" />
      </component>
      <component name="Git.Settings">
        <option name="PUSH_AUTO_UPDATE" value="true" />
        <option name="ROOT_SYNC" value="DONT_SYNC" />
      </component>
      <component name="InspectionProjectProfileManager">
        <option name="PROJECT_PROFILE" />
        <version value="1.0" />
      </component>
      <component name="JsBuildToolPackageJson" sorting="DEFINITION_ORDER" />
      <component name="MavenImportPreferences">
        <option name="generalSettings">
          <MavenGeneralSettings>
            <option name="customMavenHome" value="D:\Environment\apache-maven-3.8.5" />
            <option name="localRepository" value="D:\tools\Maven\maven_repository" />
            <option name="mavenHomeTypeForPersistence" value="CUSTOM" />
            <option name="showDialogWithAdvancedSettings" value="true" />
            <option name="userSettingsFile" value="D:\Environment\apache-maven-3.8.5\conf\settings.xml" />
          </MavenGeneralSettings>
        </option>
      </component>
      <component name="MavenRunner">
        <option name="jreName" value="#JAVA_HOME" />
        <option name="vmOptions" value="-DarchetypeCatalog=internal" />
      </component>
      <component name="ProjectRootManager" version="2" languageLevel="JDK_17" default="false" project-jdk-name="ms-17" project-jdk-type="JavaSDK" />
      <component name="PropertiesComponent"><![CDATA[{
  "keyToString": {
    "project.structure.last.edited": "全局库",
    "project.structure.proportion": "0.0",
    "project.structure.side.proportion": "0.2",
    "settings.editor.selected.configurable": "MavenSettings",
    "settings.editor.splitter.proportion": "0.27393076"
  }
}]]></component>
      <component name="RunManager">
        <configuration default="true" type="Applet" factoryName="Applet">
          <option name="WIDTH" value="400" />
          <option name="HEIGHT" value="300" />
          <option name="POLICY_FILE" value="$APPLICATION_HOME_DIR$/bin/appletviewer.policy" />
          <module />
        </configuration>
        <configuration default="true" type="#org.jetbrains.idea.devkit.run.PluginConfigurationType" factoryName="Plugin">
          <module name="" />
          <option name="VM_PARAMETERS" value="-Xmx512m -Xms256m -XX:MaxPermSize=250m -ea" />
          <option name="PROGRAM_PARAMETERS" />
          <predefined_log_file id="idea.log" enabled="true" />
        </configuration>
        <configuration default="true" type="Application" factoryName="Application">
          <option name="WORKING_DIRECTORY" value="$PROJECT_DIR$" />
          <method v="2">
            <option name="Make" enabled="true" />
          </method>
        </configuration>
        <configuration default="true" type="JUnit" factoryName="JUnit">
          <option name="TEST_OBJECT" value="class" />
          <option name="WORKING_DIRECTORY" value="%MODULE_WORKING_DIR%" />
          <method v="2">
            <option name="Make" enabled="true" />
          </method>
        </configuration>
        <configuration default="true" type="TestNG">
          <option name="TEST_OBJECT" value="CLASS" />
          <option name="WORKING_DIRECTORY" value="%MODULE_WORKING_DIR%" />
          <properties />
          <listeners />
          <method v="2">
            <option name="Make" enabled="true" />
          </method>
        </configuration>
      </component>
      <component name="SvnConfiguration">
        <configuration>C:\Users\gongdao\AppData\Roaming\Subversion</configuration>
      </component>
      <component name="TaskManager">
        <task active="true" id="Default" summary="默认任务">
          <created>1759130190683</created>
          <option name="number" value="Default" />
          <option name="presentableId" value="Default" />
          <updated>1759130190683</updated>
        </task>
        <servers />
      </component>
      <component name="VcsContentAnnotationSettings">
        <option name="myLimit" value="2678400000" />
      </component>
      <component name="WindowStateProjectService">
        <state x="-1588" y="152" key="SettingsEditor" timestamp="1759130256845">
          <screen x="-1920" y="0" width="1920" height="1020" />
        </state>
        <state x="-1588" y="152" key="SettingsEditor/-1920.0.1920.1020/-3840.0.1920.1032/0.0.1536.816" timestamp="1759130256845" />
        <state x="270" y="37" key="SettingsEditor/0.0.1536.816" timestamp="1757218690542" />
      </component>
      <component name="libraryTable">
        <library name="idea-workspace">
          <CLASSES>
            <root url="file://D:/idea-workspace" />
          </CLASSES>
          <JAVADOC />
          <SOURCES>
            <root url="file://D:/idea-workspace/bleach/bleach-compatible/src/main/java" />
            <root url="file://D:/idea-workspace/bleach/bleach-infrastructure/src/main/java" />
            <root url="file://D:/idea-workspace/bleach/bleach-spi/src/main/java" />
            <root url="file://D:/idea-workspace/bleach/bleach-start/src/main/java" />
            <root url="file://D:/idea-workspace/lassen/adapter/src/main/java" />
            <root url="file://D:/idea-workspace/lassen/agent/src/main/java" />
            <root url="file://D:/idea-workspace/lassen/athena/src/main/java" />
            <root url="file://D:/idea-workspace/lassen/common/src/main/java" />
            <root url="file://D:/idea-workspace/lassen/common/src/test/java" />
            <root url="file://D:/idea-workspace/lassen/commonservice/src/main/java" />
            <root url="file://D:/idea-workspace/lassen/court/src/main/java" />
            <root url="file://D:/idea-workspace/lassen/dal/src/main/java" />
            <root url="file://D:/idea-workspace/lassen/dal/src/test/java" />
            <root url="file://D:/idea-workspace/lassen/dictionary/src/main/java" />
            <root url="file://D:/idea-workspace/lassen/filingassign/src/main/java" />
            <root url="file://D:/idea-workspace/lassen/hephaistos/src/main/java" />
            <root url="file://D:/idea-workspace/lassen/lassen-account-spi/src/main/java" />
            <root url="file://D:/idea-workspace/lassen/lassen-shared-spi/src/main/java" />
            <root url="file://D:/idea-workspace/lassen/mercury/src/main/java" />
            <root url="file://D:/idea-workspace/lassen/mercury/src/test/java" />
            <root url="file://D:/idea-workspace/lassen/oauth2/oauth2-web/src/test/java" />
            <root url="file://D:/idea-workspace/lassen/platform/src/main/java" />
            <root url="file://D:/idea-workspace/lassen/prosecute/src/main/java" />
            <root url="file://D:/idea-workspace/lassen/spi/src/main/java" />
            <root url="file://D:/idea-workspace/lassen/suit/src/main/java" />
            <root url="file://D:/idea-workspace/lassen/web/src/main/java" />
            <root url="file://D:/idea-workspace/lassen/web/src/test/java" />
            <root url="file://D:/idea-workspace/pamir/pamir-common/src/main/java" />
            <root url="file://D:/idea-workspace/pamir/pamir-dal/src/main/java" />
            <root url="file://D:/idea-workspace/pamir/pamir-dal/src/test/java" />
            <root url="file://D:/idea-workspace/pamir/pamir-oppugn-plantform/src/main/java" />
            <root url="file://D:/idea-workspace/pamir/pamir-prosecute/src/main/java" />
            <root url="file://D:/idea-workspace/pamir/pamir-prosecute/src/test/java" />
            <root url="file://D:/idea-workspace/pamir/pamir-service/src/main/java" />
            <root url="file://D:/idea-workspace/pamir/pamir-spi/src/main/java" />
            <root url="file://D:/idea-workspace/pamir/pamir-start/src/main/java" />
            <root url="file://D:/idea-workspace/pamir/pamir-start/src/test/java" />
          </SOURCES>
        </library>
      </component>
      <component name="masterDetails">
        <states>
          <state key="ArquillianSettingsConfigurable.UI">
            <settings>
              <splitter-proportions>
                <option name="proportions">
                  <list>
                    <option value="0.2" />
                  </list>
                </option>
              </splitter-proportions>
            </settings>
          </state>
          <state key="GlobalLibrariesConfigurable.UI">
            <settings>
              <splitter-proportions>
                <option name="proportions">
                  <list>
                    <option value="0.2" />
                  </list>
                </option>
              </splitter-proportions>
            </settings>
          </state>
          <state key="JdkListConfigurable.UI">
            <settings>
              <last-edited>1.8</last-edited>
              <splitter-proportions>
                <option name="proportions">
                  <list>
                    <option value="0.2" />
                  </list>
                </option>
              </splitter-proportions>
            </settings>
          </state>
          <state key="ProjectJDKs.UI">
            <settings>
              <last-edited>1.8</last-edited>
              <splitter-proportions>
                <option name="proportions">
                  <list>
                    <option value="0.34662867" />
                  </list>
                </option>
              </splitter-proportions>
            </settings>
          </state>
          <state key="ProjectLibrariesConfigurable.UI">
            <settings>
              <last-edited>idea-workspace</last-edited>
              <splitter-proportions>
                <option name="proportions">
                  <list>
                    <option value="0.2" />
                  </list>
                </option>
              </splitter-proportions>
            </settings>
          </state>
        </states>
      </component>
    </defaultProject>
  </component>
</application>