<application>
  <component name="RedisHelper">
    <option name="connections">
      <list>
        <ConnectionInfo>
          <option name="global" value="true" />
          <option name="id" value="e0fc1770-fc3b-42d7-a81c-61c2072dbbc5" />
          <option name="name" value="myredis" />
          <option name="port" value="6379" />
          <option name="url" value="192.168.1.152" />
        </ConnectionInfo>
      </list>
    </option>
    <option name="reloadAfterAddingTheKey" value="true" />
  </component>
</application>