<application>
  <component name="SquaretestSettings">
    <option name="usageStatsEnabled" value="true" />
    <option name="projectNameToSettingsMap">
      <map>
        <entry key="Wind.MCP.Registry">
          <value>
            <ProjectSettings>
              <option name="projectName" value="Wind.MCP.Registry" />
              <option name="templateLanguage" value="Java" />
              <option name="template">
                <Template>
                  <option name="presentationName" value="JUnit5MockitoSpringAssertJ.java.ft" />
                  <option name="internalTemplateSaveName" value="SQTJ-JUnit5MockitoSpringAssertJ.java" />
                  <option name="isInternal" value="true" />
                </Template>
              </option>
              <option name="moduleAutoConfigSetting" value="AUTOMATICALLY_CONFIGURE_WHEN_POSSIBLE" />
            </ProjectSettings>
          </value>
        </entry>
        <entry key="user_management">
          <value>
            <ProjectSettings>
              <option name="projectName" value="user_management" />
              <option name="templateLanguage" value="Java" />
              <option name="template">
                <Template>
                  <option name="presentationName" value="JUnit4MockitoSpringAssertJ.java.ft" />
                  <option name="internalTemplateSaveName" value="SQTJ-JUnit4MockitoSpringAssertJ.java" />
                  <option name="isInternal" value="true" />
                </Template>
              </option>
              <option name="moduleAutoConfigSetting" value="AUTOMATICALLY_CONFIGURE_WHEN_POSSIBLE" />
            </ProjectSettings>
          </value>
        </entry>
      </map>
    </option>
    <option name="projectNameModuleNameToSettingsMap">
      <map>
        <entry key="Wind.MCP.Registry_wind-mcp-registry">
          <value>
            <ModuleSettings>
              <option name="moduleName" value="wind-mcp-registry" />
              <option name="testDirectoryRoot" value="src\test\java" />
            </ModuleSettings>
          </value>
        </entry>
        <entry key="user_management_poiAndEasyPoi">
          <value>
            <ModuleSettings>
              <option name="moduleName" value="poiAndEasyPoi" />
              <option name="testDirectoryRoot" value="src\test\java" />
            </ModuleSettings>
          </value>
        </entry>
      </map>
    </option>
    <option name="collectUsageStats" value="true" />
    <option name="hasShownMetricsDisclosure" value="true" />
    <option name="id" value="d78d0a42-4f27-40ed-a9fb-cb4b7b5e631c" />
  </component>
</application>