<application>
  <component name="Trusted.Paths">
    <option name="TRUSTED_PROJECT_PATHS">
      <map>
        <entry key="D:\IdeaProjects" value="true" />
        <entry key="D:\IdeaProjects\HuTool-Learn" value="true" />
        <entry key="D:\IdeaProjects\Learn" value="true" />
        <entry key="D:\IdeaProjects\LearnJavaUnitTest" value="true" />
        <entry key="D:\IdeaProjects\MongoDBLearn" value="true" />
        <entry key="D:\IdeaProjects\TestIDEA" value="true" />
        <entry key="D:\IdeaProjects\Wind.MCP.Registry" value="true" />
        <entry key="D:\IdeaProjects\algorithm-java" value="true" />
        <entry key="D:\IdeaProjects\bilibili-video-get-web" value="true" />
        <entry key="D:\IdeaProjects\boot-zk-client" value="true" />
        <entry key="D:\IdeaProjects\exam" value="true" />
        <entry key="D:\IdeaProjects\git_test" value="true" />
        <entry key="D:\IdeaProjects\gupiaobankuai" value="true" />
        <entry key="D:\IdeaProjects\jichu" value="true" />
        <entry key="D:\IdeaProjects\kafka-spring-boot-demo" value="true" />
        <entry key="D:\IdeaProjects\kuang_livenote-master" value="true" />
        <entry key="D:\IdeaProjects\learnJava" value="true" />
        <entry key="D:\IdeaProjects\leet-code" value="true" />
        <entry key="D:\IdeaProjects\pczhou" value="true" />
        <entry key="D:\IdeaProjects\pczhou\day01\practiceB" value="true" />
        <entry key="D:\IdeaProjects\pczhou\day01\training" value="true" />
        <entry key="D:\IdeaProjects\pczhou\practiceB" value="true" />
        <entry key="D:\IdeaProjects\pczhou\training" value="true" />
        <entry key="D:\IdeaProjects\powerteam" value="true" />
        <entry key="D:\IdeaProjects\powerteamtwo" value="true" />
        <entry key="D:\IdeaProjects\practice" value="true" />
        <entry key="D:\IdeaProjects\practiceB" value="true" />
        <entry key="D:\IdeaProjects\python" value="true" />
        <entry key="D:\IdeaProjects\spring-boot-admin-demo" value="true" />
        <entry key="D:\IdeaProjects\spring-boot-demo" value="true" />
        <entry key="D:\IdeaProjects\spring-boot-parent" value="true" />
        <entry key="D:\IdeaProjects\spring-learn" value="true" />
        <entry key="D:\IdeaProjects\springboot-ElasticSearch-api" value="true" />
        <entry key="D:\IdeaProjects\svn_test" value="true" />
        <entry key="D:\IdeaProjects\training" value="true" />
        <entry key="D:\IdeaProjects\travel" value="true" />
        <entry key="D:\IdeaProjects\travel-SpringBoot" value="true" />
        <entry key="D:\IdeaProjects\user_management" value="true" />
        <entry key="D:\IdeaProjects\video" value="true" />
        <entry key="D:\IdeaProjects\zhishiku" value="true" />
        <entry key="D:\IdeaProjects\zhishiku-master" value="true" />
        <entry key="D:\我的文件夹\SGG" value="true" />
        <entry key="D:\我的文件夹\SGG\21.【缓冲流、转换流、序列化流、打印流】\21.【缓冲流、转换流、序列化流、打印流】-笔记\code\10_IO" value="true" />
      </map>
    </option>
  </component>
  <component name="Trusted.Paths.Settings">
    <option name="TRUSTED_PATHS">
      <list>
        <option value="D:\IdeaProjects" />
      </list>
    </option>
  </component>
</application>