<application>
  <component name="ProjectViewFileNesting">
    <nesting-rules />
  </component>
  <component name="UISettings">
    <option name="EDITOR_TAB_LIMIT" value="20" />
    <option name="SHOW_MAIN_MENU_MODE" value="SEPARATE_TOOLBAR" />
    <option name="REMEMBER_SIZE_FOR_EACH_TOOL_WINDOW_NEW_UI" value="true" />
    <option name="SCROLL_TAB_LAYOUT_IN_EDITOR" value="false" />
    <option name="SHOW_TOOL_WINDOW_NAMES" value="true" />
    <option name="TOOL_WINDOW_LEFT_SIDE_CUSTOM_WIDTH" value="59" />
    <option name="TOOL_WINDOW_RIGHT_SIDE_CUSTOM_WIDTH" value="59" />
  </component>
</application>