<application>
  <component name="DimensionService">
    <location key="find.popup.0.0.1920.1080@120dpi" x="388" y="155" />
    <location key="find.popup.0.0.2560.1440@120dpi" x="905" y="25" />
    <location key="find.popup.-1920.0.1920.1080" x="-1533" y="156" />
    <size key="GridCell.Tab.0.left.0.0.1920.1080@120dpi" width="1773" height="380" />
    <size key="GridCell.Tab.0.center.0.0.1920.1080@120dpi" width="1773" height="380" />
    <size key="GridCell.Tab.0.right.0.0.1920.1080@120dpi" width="1773" height="380" />
    <size key="GridCell.Tab.0.bottom.0.0.1920.1080@120dpi" width="1773" height="380" />
    <size key="GridCell.Tab.1.left.0.0.1920.1080@120dpi" width="1773" height="334" />
    <size key="GridCell.Tab.1.center.0.0.1920.1080@120dpi" width="1773" height="334" />
    <size key="GridCell.Tab.1.right.0.0.1920.1080@120dpi" width="1773" height="334" />
    <size key="GridCell.Tab.1.bottom.0.0.1920.1080@120dpi" width="1773" height="334" />
    <size key="find.popup.0.0.1920.1080@120dpi" width="1210" height="865" />
    <size key="GridCell.Tab.0.left.0.0.2560.1440@120dpi" width="2505" height="420" />
    <size key="GridCell.Tab.0.center.0.0.2560.1440@120dpi" width="2505" height="420" />
    <size key="GridCell.Tab.0.right.0.0.2560.1440@120dpi" width="2505" height="420" />
    <size key="GridCell.Tab.0.bottom.0.0.2560.1440@120dpi" width="2505" height="420" />
    <size key="GridCell.Tab.0.left.2400.-215.2560.1440@120dpi" width="2507" height="517" />
    <size key="GridCell.Tab.0.center.2400.-215.2560.1440@120dpi" width="2507" height="517" />
    <size key="GridCell.Tab.0.right.2400.-215.2560.1440@120dpi" width="2507" height="517" />
    <size key="GridCell.Tab.0.bottom.2400.-215.2560.1440@120dpi" width="2507" height="517" />
    <size key="GridCell.Tab.1.left.2400.-215.2560.1440@120dpi" width="2507" height="517" />
    <size key="GridCell.Tab.1.center.2400.-215.2560.1440@120dpi" width="2507" height="517" />
    <size key="GridCell.Tab.1.right.2400.-215.2560.1440@120dpi" width="2507" height="517" />
    <size key="GridCell.Tab.1.bottom.2400.-215.2560.1440@120dpi" width="2507" height="517" />
    <size key="GridCell.Tab.2.left.0.0.1920.1080@120dpi" width="1773" height="334" />
    <size key="GridCell.Tab.2.center.0.0.1920.1080@120dpi" width="1773" height="334" />
    <size key="GridCell.Tab.2.right.0.0.1920.1080@120dpi" width="1773" height="334" />
    <size key="GridCell.Tab.2.bottom.0.0.1920.1080@120dpi" width="1773" height="334" />
    <size key="GridCell.Tab.1.left.0.0.2560.1440@120dpi" width="1728" height="724" />
    <size key="GridCell.Tab.1.center.0.0.2560.1440@120dpi" width="1728" height="724" />
    <size key="GridCell.Tab.1.right.0.0.2560.1440@120dpi" width="1728" height="724" />
    <size key="GridCell.Tab.1.bottom.0.0.2560.1440@120dpi" width="1728" height="724" />
    <size key="GridCell.Tab.2.left.0.0.2560.1440@120dpi" width="1867" height="373" />
    <size key="GridCell.Tab.2.center.0.0.2560.1440@120dpi" width="1867" height="373" />
    <size key="GridCell.Tab.2.right.0.0.2560.1440@120dpi" width="1867" height="373" />
    <size key="GridCell.Tab.2.bottom.0.0.2560.1440@120dpi" width="1867" height="373" />
    <size key="GridCell.Tab.2.left.2400.-215.2560.1440@120dpi" width="2507" height="517" />
    <size key="GridCell.Tab.2.center.2400.-215.2560.1440@120dpi" width="2507" height="517" />
    <size key="GridCell.Tab.2.right.2400.-215.2560.1440@120dpi" width="2507" height="517" />
    <size key="GridCell.Tab.2.bottom.2400.-215.2560.1440@120dpi" width="2507" height="517" />
    <size key="find.popup.0.0.2560.1440@120dpi" width="679" height="668" />
    <size key="GridCell.Tab.0.right.0.0.1920.1080" width="1802" height="349" />
    <size key="GridCell.Tab.0.left.0.0.1920.1080" width="1802" height="349" />
    <size key="GridCell.Tab.0.center.0.0.1920.1080" width="1802" height="349" />
    <size key="GridCell.Tab.0.bottom.0.0.1920.1080" width="1802" height="349" />
    <size key="GridCell.Tab.1.left.0.0.1920.1080" width="1802" height="349" />
    <size key="GridCell.Tab.1.center.0.0.1920.1080" width="1802" height="349" />
    <size key="GridCell.Tab.1.right.0.0.1920.1080" width="1802" height="349" />
    <size key="GridCell.Tab.1.bottom.0.0.1920.1080" width="1802" height="349" />
    <size key="GridCell.Tab.3.left.0.0.1920.1080@120dpi" width="1773" height="334" />
    <size key="GridCell.Tab.3.center.0.0.1920.1080@120dpi" width="1773" height="334" />
    <size key="GridCell.Tab.3.right.0.0.1920.1080@120dpi" width="1773" height="334" />
    <size key="GridCell.Tab.3.bottom.0.0.1920.1080@120dpi" width="1773" height="334" />
    <size key="GridCell.Tab.4.left.0.0.1920.1080@120dpi" width="1773" height="334" />
    <size key="GridCell.Tab.4.center.0.0.1920.1080@120dpi" width="1773" height="334" />
    <size key="GridCell.Tab.4.right.0.0.1920.1080@120dpi" width="1773" height="334" />
    <size key="GridCell.Tab.4.bottom.0.0.1920.1080@120dpi" width="1773" height="334" />
    <size key="GridCell.Tab.5.left.0.0.1920.1080@120dpi" width="1773" height="334" />
    <size key="GridCell.Tab.5.center.0.0.1920.1080@120dpi" width="1773" height="334" />
    <size key="GridCell.Tab.5.right.0.0.1920.1080@120dpi" width="1773" height="334" />
    <size key="GridCell.Tab.5.bottom.0.0.1920.1080@120dpi" width="1773" height="334" />
    <size key="GridCell.Tab.6.left.0.0.1920.1080@120dpi" width="1773" height="480" />
    <size key="GridCell.Tab.6.center.0.0.1920.1080@120dpi" width="1773" height="480" />
    <size key="GridCell.Tab.6.right.0.0.1920.1080@120dpi" width="1773" height="480" />
    <size key="GridCell.Tab.6.bottom.0.0.1920.1080@120dpi" width="1773" height="480" />
    <size key="GridCell.Tab.0.left.-1920.0.1920.1080" width="1802" height="329" />
    <size key="GridCell.Tab.0.center.-1920.0.1920.1080" width="1802" height="329" />
    <size key="GridCell.Tab.0.right.-1920.0.1920.1080" width="1802" height="329" />
    <size key="GridCell.Tab.0.bottom.-1920.0.1920.1080" width="1802" height="329" />
    <size key="GridCell.Tab.1.left.-1920.0.1920.1080" width="1802" height="608" />
    <size key="GridCell.Tab.1.center.-1920.0.1920.1080" width="1802" height="608" />
    <size key="GridCell.Tab.1.right.-1920.0.1920.1080" width="1802" height="608" />
    <size key="GridCell.Tab.1.bottom.-1920.0.1920.1080" width="1802" height="608" />
    <size key="GridCell.Tab.2.left.-1920.0.1920.1080" width="1802" height="608" />
    <size key="GridCell.Tab.2.center.-1920.0.1920.1080" width="1802" height="608" />
    <size key="GridCell.Tab.2.right.-1920.0.1920.1080" width="1802" height="608" />
    <size key="GridCell.Tab.2.bottom.-1920.0.1920.1080" width="1802" height="608" />
    <size key="GridCell.Tab.3.left.-1920.0.1920.1080" width="1802" height="608" />
    <size key="GridCell.Tab.3.center.-1920.0.1920.1080" width="1802" height="608" />
    <size key="GridCell.Tab.3.right.-1920.0.1920.1080" width="1802" height="608" />
    <size key="GridCell.Tab.3.bottom.-1920.0.1920.1080" width="1802" height="608" />
    <size key="GridCell.Tab.4.left.-1920.0.1920.1080" width="1802" height="608" />
    <size key="GridCell.Tab.4.center.-1920.0.1920.1080" width="1802" height="608" />
    <size key="GridCell.Tab.4.right.-1920.0.1920.1080" width="1802" height="608" />
    <size key="GridCell.Tab.4.bottom.-1920.0.1920.1080" width="1802" height="608" />
    <size key="GridCell.Tab.5.left.-1920.0.1920.1080" width="1802" height="608" />
    <size key="GridCell.Tab.5.center.-1920.0.1920.1080" width="1802" height="608" />
    <size key="GridCell.Tab.5.right.-1920.0.1920.1080" width="1802" height="608" />
    <size key="GridCell.Tab.5.bottom.-1920.0.1920.1080" width="1802" height="608" />
    <size key="find.popup.-1920.0.1920.1080" width="1209" height="864" />
    <size key="GridCell.Tab.2.left.0.0.1920.1080" width="1802" height="349" />
    <size key="GridCell.Tab.2.center.0.0.1920.1080" width="1802" height="349" />
    <size key="GridCell.Tab.2.right.0.0.1920.1080" width="1802" height="349" />
    <size key="GridCell.Tab.2.bottom.0.0.1920.1080" width="1802" height="349" />
    <size key="GridCell.Tab.3.left.0.0.1920.1080" width="1802" height="349" />
    <size key="GridCell.Tab.3.center.0.0.1920.1080" width="1802" height="349" />
    <size key="GridCell.Tab.3.right.0.0.1920.1080" width="1802" height="349" />
    <size key="GridCell.Tab.3.bottom.0.0.1920.1080" width="1802" height="349" />
    <size key="GridCell.Tab.4.left.0.0.1920.1080" width="1802" height="349" />
    <size key="GridCell.Tab.4.center.0.0.1920.1080" width="1802" height="349" />
    <size key="GridCell.Tab.4.right.0.0.1920.1080" width="1802" height="349" />
    <size key="GridCell.Tab.4.bottom.0.0.1920.1080" width="1802" height="349" />
    <size key="GridCell.Tab.5.left.0.0.1920.1080" width="1802" height="349" />
    <size key="GridCell.Tab.5.center.0.0.1920.1080" width="1802" height="349" />
    <size key="GridCell.Tab.5.right.0.0.1920.1080" width="1802" height="349" />
    <size key="GridCell.Tab.5.bottom.0.0.1920.1080" width="1802" height="349" />
    <size key="GridCell.Tab.0.left.-3840.0.1920.1080" width="1802" height="430" />
    <size key="GridCell.Tab.0.center.-3840.0.1920.1080" width="1802" height="430" />
    <size key="GridCell.Tab.0.right.-3840.0.1920.1080" width="1802" height="430" />
    <size key="GridCell.Tab.0.bottom.-3840.0.1920.1080" width="1802" height="430" />
    <size key="GridCell.Tab.1.left.-3840.0.1920.1080" width="1418" height="472" />
    <size key="GridCell.Tab.1.center.-3840.0.1920.1080" width="1418" height="472" />
    <size key="GridCell.Tab.1.right.-3840.0.1920.1080" width="1418" height="472" />
    <size key="GridCell.Tab.1.bottom.-3840.0.1920.1080" width="1418" height="472" />
    <size key="GridCell.Tab.2.left.-3840.0.1920.1080" width="1418" height="472" />
    <size key="GridCell.Tab.2.center.-3840.0.1920.1080" width="1418" height="472" />
    <size key="GridCell.Tab.2.right.-3840.0.1920.1080" width="1418" height="472" />
    <size key="GridCell.Tab.2.bottom.-3840.0.1920.1080" width="1418" height="472" />
    <size key="GridCell.Tab.3.left.-3840.0.1920.1080" width="1418" height="472" />
    <size key="GridCell.Tab.3.center.-3840.0.1920.1080" width="1418" height="472" />
    <size key="GridCell.Tab.3.right.-3840.0.1920.1080" width="1418" height="472" />
    <size key="GridCell.Tab.3.bottom.-3840.0.1920.1080" width="1418" height="472" />
    <size key="GridCell.Tab.4.left.-3840.0.1920.1080" width="1418" height="472" />
    <size key="GridCell.Tab.4.center.-3840.0.1920.1080" width="1418" height="472" />
    <size key="GridCell.Tab.4.right.-3840.0.1920.1080" width="1418" height="472" />
    <size key="GridCell.Tab.4.bottom.-3840.0.1920.1080" width="1418" height="472" />
    <size key="GridCell.Tab.5.left.-3840.0.1920.1080" width="1418" height="472" />
    <size key="GridCell.Tab.5.center.-3840.0.1920.1080" width="1418" height="472" />
    <size key="GridCell.Tab.5.right.-3840.0.1920.1080" width="1418" height="472" />
    <size key="GridCell.Tab.5.bottom.-3840.0.1920.1080" width="1418" height="472" />
  </component>
  <component name="WindowManager">
    <frame x="-9" y="-9" width="1938" height="1038" extendedState="6" />
  </component>
  <component name="WindowStateApplicationService">
    <state x="65" y="685" width="300" height="106" key="ProcessPopupWindow" timestamp="1754221055971">
      <screen x="0" y="0" width="1536" height="816" />
    </state>
    <state x="65" y="685" width="300" height="106" key="ProcessPopupWindow/0.0.1536.816" timestamp="1754221055971" />
    <state width="652" height="255" key="ShowUsagesActions.dimensionServiceKey" timestamp="1759202692892">
      <screen x="0" y="0" width="1536" height="816" />
    </state>
    <state width="652" height="255" key="ShowUsagesActions.dimensionServiceKey/-1920.0.1920.1020/-3840.0.1920.1032/0.0.1536.816" timestamp="1759202692892" />
    <state width="652" height="111" key="ShowUsagesActions.dimensionServiceKey/0.0.1536.816" timestamp="1757233909343" />
    <state x="-960" y="510" width="1936" height="1036" key="WELCOME_SCREEN" timestamp="1759131540973">
      <screen x="-1920" y="0" width="1920" height="1020" />
    </state>
    <state x="-960" y="510" width="1936" height="1036" key="WELCOME_SCREEN/-1920.0.1920.1020/-3840.0.1920.1032/0.0.1536.816" timestamp="1759131540973" />
    <state x="768" y="411" width="1550" height="830" key="WELCOME_SCREEN/0.0.1536.816" timestamp="1757226323927" />
    <state x="960" y="519" width="1938" height="1050" key="WELCOME_SCREEN/1920.0.1536.826/0.0.1920.1032" timestamp="1758610386745" />
    <state x="305" y="126" key="ide.config.custom.settings" timestamp="1757226360882">
      <screen x="0" y="0" width="1536" height="816" />
    </state>
    <state x="305" y="126" key="ide.config.custom.settings/0.0.1536.816" timestamp="1757226360882" />
  </component>
</application>