<application>
  <component name="AppStorage">
    <option name="newTranslationDialogHeight" value="513" />
    <option name="newTranslationDialogWidth" value="592" />
    <option name="newTranslationDialogX" value="488" />
    <option name="newTranslationDialogY" value="362" />
    <histories>
      <item value="prototype" />
      <item value="completions" />
      <item value="GsonFormatPlus This is a plugin you can generate Json model from Json String. This Plugin is only for IntelliJ IDEA And Android Studio. which is base on GsonFormat and more flexible and convenient. Welcome to issue and PR." />
      <item value="Intellij Idea and Android Studio plugin for JSON to POJO transformation. Generates Java, Java Records and Kotlin POJO files from JSON: GSON, FastJSON, AutoValue (GSON), Logan Square, Jackson, Lombok, empty annotations template. Supports: primitive types, multiple inner JSONArrays. Keywords: JsonToPojo, Json2Pojo, Kotlin, GSON, FastJSON, AutoValue, Jackson, LoganSquare, Moshi, Parcelable, Lombok, Java records." />
      <item value="partitions" />
      <item value="topic Partitions" />
      <item value="The value may indicate a suggestion for a logical component name, to be turned into a Spring bean in case of an autodetected component. 返回值: the suggested component name, if any (or empty String otherwise)" />
      <item value="Indicates that an annotated class is a &quot;Service&quot;, originally defined by Domain-Driven Design (Evans, 2003) as &quot;an operation offered as an interface that stands alone in the model, with no encapsulated state.&quot; May also indicate that a class is a &quot;Business Service Facade&quot; (in the Core J2EE patterns sense), or something similar. This annotation is a general-purpose stereotype and individual teams may narrow their semantics and use as appropriate. This annotation serves as a specialization of @Component, allowing for implementation classes to be autodetected through classpath scanning." />
      <item value="Assist in Spring application development - Adds support for start initializr, autocomplete Spring BootCloud configuration keyvalue, Spring reference configuration, Spring metadata documentation.(Support: Java, Kotlin, application.yml and bootstrap.properties)" />
      <item value="Return true if there is a value present, otherwise false." />
      <item value="Though it may be tempting to do so, avoid testing if an object is empty by comparing with == against instances returned by Option.empty(). There is no guarantee that it is a singleton. Instead, use" />
      <item value="Though it may be tempting to do so, avoid testing if an object is empty by comparing with == against instances returned by Option.empty(). There is no guarantee that it is a singleton. Instead, use isPresent()." />
      <item value="Returns an empty Optional instance. No value is present for this Optional." />
      <item value="Returns an empty Optional instance. No value is present for this Optional. 返回值: an empty Optional API 说明: Though it may be tempting to do so, avoid testing if an object is empty by comparing with == against instances returned by Option.empty(). There is no guarantee that it is a singleton. Instead, use isPresent()." />
      <item value="Optional" />
      <item value="Returns a copy of this LocalDateTime with the day-of-month altered. If the resulting date-time is invalid, an exception is thrown. The time does not affect the calculation and will be the same in the result. This instance is immutable and unaffected by this method call." />
      <item value="get Capacity" />
      <item value="Linear List" />
      <item value="要求线性表最小长度为3" />
      <item value="MIN CAPACITY" />
      <item value="Field service in com.example.travel.Servlet.CategroyServlet required a bean of type 'com.example.travel.service.CategoryService' that could not be found. The injection point has the following annotations: - @org.springframework.beans.factory.annotation.Autowired(required=true)" />
      <item value="Error starting ApplicationContext. To display the conditions report re-run your application with 'debug' enabled." />
      <item value="Correct the classpath of your application so that it contains compatible versions of the classes org.springframework.http.converter.json.Jackson2ObjectMapperBuilder and com.fasterxml.jackson.databind.Module" />
      <item value="Returns the runtime class of this Object. The returned Class object is the object that is locked by static synchronized methods of the represented class." />
      <item value="Failed to configure a DataSource: 'url' attribute is not specified and no embedded datasource could be configured. Reason: Failed to determine a suitable driver class" />
      <item value="Consider the following: If you want an embedded database (H2, HSQL or Derby), please put it on the classpath. If you have database settings to be loaded from a particular profile you may need to activate it (no profiles are currently active)." />
      <item value="label Line" />
      <item value="find Monthly Conversion" />
      <item value="flatten" />
      <item value="phase List" />
      <item value="find Monthly Funnel" />
      <item value="recently Closing" />
      <item value="monthly Conversion" />
      <item value="monthly Funnel" />
      <item value="Authorized Controller" />
      <item value="find Subordinate" />
      <item value="Convenient constructor when there is no model data to expose. Can also be used in conjunction with addObject." />
      <item value="Describes transaction attributes on a method or class. This annotation type is generally directly comparable to Spring's org.springframework.transaction.interceptor.RuleBasedTransactionAttribute class, and in fact AnnotationTransactionAttributeSource will directly convert the data to the latter class, so that Spring's transaction support code does not have to know about annotations. If no rules are relevant to the exception, it will be treated like org.springframework.transaction.interceptor.DefaultTransactionAttribute (rolling back on runtime exceptions). For specific information about the semantics of this annotation's attributes, consult the TransactionDefinition and org.springframework.transaction.interceptor.TransactionAttribute javadocs." />
      <item value="Any fields listed here will not be taken into account in the generated equals and hashCode implementations. Mutually exclusive with of(). 返回值: A list of fields to exclude." />
      <item value="Generates implementations for the equals and hashCode methods inherited by all objects, based on relevant fields. Complete documentation is found at the project lombok features page for @EqualsAndHashCode" />
      <item value="Transactional" />
      <item value="Org Unit Service" />
      <item value="District Service" />
      <item value="Handler Interceptor Adapter" />
      <item value="Global Interceptor" />
      <item value="share group" />
      <item value="Holder for both Model and View in the web MVC framework. Note that these are entirely distinct. This class merely holds both to make it possible for a controller to return both model and view in a single return value. Represents a model and view returned by a handler, to be resolved by a DispatcherServlet. The view can take the form of a String view name which will need to be resolved by a ViewResolver object; alternatively a View object can be specified directly. The model is a Map, allowing the use of multiple objects keyed by name." />
      <item value="generate Simple Sequence Diagram. Navigate the code by click the diagram shape. Delete Class from diagram. Export the diagram as image. Export the diagram as PlantUML, Mermaid format file. Exclude classes from diagram by Settings &gt; Tools &gt; Sequence Diagram Smart Interface(experimental) Lambda Expression(experimental) Kotlin Support(Experimental, No code navigation)" />
      <item value="SequenceDiagram for IntelliJ IDEA" />
      <item value="phase" />
    </histories>
    <option name="languageScores">
      <map>
        <entry key="CHINESE" value="51" />
        <entry key="ENGLISH" value="51" />
      </map>
    </option>
  </component>
  <component name="Cache">
    <option name="lastTrimTime" value="1662085688634" />
  </component>
  <component name="Translation.Cache">
    <option name="lastTrimTime" value="1760163614074" />
  </component>
  <component name="Translation.States">
    <option name="translationDialogHeight" value="260" />
    <option name="translationDialogLocationX" value="467" />
    <option name="translationDialogLocationY" value="277" />
    <histories>
      <item value="This file provides guidance to Claude Code (claude.ai/code) when working with code in this repository." />
      <item value="lookup parent from repository" />
      <item value="Rest High Level Client" />
      <item value="The highlighted fragments. null if failed to highlight (for example, the field is not stored)." />
      <item value="1. Extract the query construction code into a separate method for better readability and maintainability. 2. Extract the main table data parsing code into a separate method for better readability and maintainability. 3. Extract the email update field value construction code into a separate method for better readability and maintainability. 4. Use the Builder pattern to construct the Email object for better readability and maintainability. 5. Use the Strategy pattern to handle the different update fields for better scalability and maintainability." />
      <item value="Description: Failed to configure a DataSource: 'url' attribute is not specified and no embedded datasource could be configured. Reason: Failed to determine a suitable driver class Action: Consider the following: If you want an embedded database (H2, HSQL or Derby), please put it on the classpath. If you have database settings to be loaded from a particular profile you may need to activate it (no profiles are currently active)." />
      <item value="Description: Field expoService in com.example.hutoollearn.inteface.impl.PrivacyDbEmailDao required a bean of type 'com.example.hutoollearn.service.PrivacyExpoService' that could not be found. The injection point has the following annotations: - @org.springframework.beans.factory.annotation.Autowired(required=true) Action: Consider defining a bean of type 'com.example.hutoollearn.service.PrivacyExpoService' in your configuration." />
      <item value="(non-Javadoc) @see org.springframework.data.redis.core.RedisOperationsopsForValue()" />
      <item value="Stealth mode: Keep CodeGeeX activated, it will start generating codes when you stop writing (the icon at the bottom-right of IDE starts spinning). When the generated code is shown in gray, just press Tab to insert the generated codes. Interactive mode: Press Ctrl+\ to activate the interactive mode, CodeGeeX will generate X candidates and show them in the right panel (X can be modified in extension settings Candidate Num). Then, select the best candidate by clicking on it." />
      <item value="CodeGeeX is an AI-based coding assistant, which can suggest code in the current or following lines. It is powered by a large-scale multilingual code generation model with 13 billion parameters, pretrained on a large code corpus of more than 20 programming languages.(For more information, please check out our Homepage and GitHub repo.) In addition, with the large-scale model, CodeGeeX can translate codes to other programming languages, and provides customizable features (Prompt Mode) to help you configure your own programming assistant. Happy coding! Please kindly let us know if you encounter any problem or have any suggestion, via codegeex@aminer.cn. Or you can join our Slack or Telegram or WeChat微信群 to give us your feedback or get support. Furthermore, welcome to fill out the survey问卷 to tell us about all your feelings for our extension." />
      <item value="Test Management is a powerful tool for TMS integration. It supports Java, Kotlin, and Python, and provides many smart features for QA specialists. Some features currently are available for JavaKotlin &amp; Python only. Integrate with TMS TestRail v6.7 and higher is supported; Browse test cases and test runs; Search via search everywhere; Add links to TMS items in the code with an in-place preview popup. JavaKotlin &amp; Python Generate tests from TMS test cases. Use custom annotations decorators to reference automated tests with test cases. Easily filter inout test cases referenced from code to find automatednon-automated tests. Find potentially outdated automated tests referencing non-existing test cases. Use Generate (Ctrl+NCmd+N) menu in any text file to insert random test data of the selected type. Supported formats include: Names, addresses, sentences; Different types of numbers and dates; Emails, UUIDs, URLs, IP Addresses; And more. Specify custom formats and generate multiple items at once. Test Management plugin is a part of the toolset for QA specialists and teams. Subscribe to our QA Tools Twitter to be the first to hear about our new features as they are released! TestRail is a registered trademark of Idera, Inc. and its subsidiaries. All other trademarks are the property of their respective owners." />
      <item value="Index request to index a typed JSON document into a specific index and make it searchable. Best created using Requests.indexRequest(String). The index requires the index(), type(String), id(String) and source(byte[], XContentType) to be set. The source (content to index) can be set in its bytes form using (source(byte[], XContentType)), its string form (source(String, XContentType)) or using a XContentBuilder (source(XContentBuilder)). If the id(String) is not set, it will be automatically generated." />
      <item value="A standard set of date periods units. This set of units provide unit-based access to manipulate a date, time or date-time. The standard set of units can be extended by implementing TemporalUnit. These units are intended to be applicable in multiple calendar systems. For example, most non-ISO calendar systems define units of years, months and days, just with slightly different rules. The documentation of each unit explains how it operates. 实现 要求: This is a final, immutable and thread-safe enum." />
      <item value="Features: Code highlighting based of log level: error, warn, info, etc. Intention to highlight columns (time, category, threads, stack frames) in log file editor. Folding of uninteresting events Hyperlinks of stack traces in log Navigation to source code that emit log events (F7). Go to next error action (Shift + F7) Extends selection Intention tp highlight distance between events (marks time as red) Advanced error stripe (heat map) Custom log format more info: https:github.comJetBrainsideologwikiCustom-Log-Formats Issue tracker: https:github.comJetBrainsideologissues" />
      <item value="Interactive viewer for '.log' files." />
      <item value="SpringApplication.run(HuToolLearnApplication.class, args);" />
      <item value="error: failed to push some refs to 'gitee.com:a010101HuTool-learn.git' hint: Updates were rejected because the remote contains work that you do ! refsheadsmaster:refsheadsmaster [rejected] (fetch first) hint: not have locally. This is usually caused by another repository pushing Done hint: to the same ref. You may want to first integrate the remote changes hint: (e.g., 'git pull ...') before pushing again. hint: See the 'Note about fast-forwards' in 'git push --help' for details." />
      <item value="-------------------------------------------------------------- Part of Date start" />
    </histories>
    <option name="languageScores">
      <map>
        <entry key="CHINESE" value="11" />
        <entry key="CHINESE_SIMPLIFIED" value="2" />
        <entry key="ENGLISH" value="12" />
      </map>
    </option>
  </component>
</application>